Workbook

Sheet Run 1
A1: Run | B1: TC-ID | C1: Дата | D1: Виконавець | E1: Середовище | F1: Статус | G1: Bug ID | H1: Коментар
A2: Run 1 | B2: TC-001 | C2: 46323 | D2: Бойко Є. (ІТ) | E2: E2 | F2: passed | H2: Відхилення в даних: пароль «Abcde12!» із кейсу demo відхилило повідомленням «The given password has appeared in a data leak. Please choose a different password»; використано «Fbcdf12!» (8 символів, ті самі правила) — після цього усі очікувані результати збіглися. Дані кейсу потрібно замінити на пароль, якого немає в базі витоків.
A3: Run 1 | B3: TC-002 | C3: 46323 | D3: Бойко Є. (ІТ) | E3: E2 | F3: failed | G3: BUG-008 | H3: Фактично: Крок 1: обов'язкові поля позначено зірочкою непослідовно — у «First name» і «Last name» зірочка лише в підказці всередині поля, у мітці її немає; у «Date of Birth» вона в мітці; біля «Password» зірочки немає ні в мітці, ні в підказці (U-20, F-10). Кроки 2–14 збіглися: форма не надіслана, адреса лишилась /auth/register, під полем «First name» є текстове повідомлення про помилку. Дефект: BUG-008.
A4: Run 1 | B4: TC-003 | C4: 46323 | D4: Бойко Є. (ІТ) | E4: E2 | F4: passed | H4: Усі очікувані результати збіглися.
A5: Run 1 | B5: TC-004 | C5: 46323 | D5: Бойко Є. (ІТ) | E5: E2 | F5: failed | G5: BUG-007 | H5: Фактично: Крок 1: у шапці логотип «TOOLSHOP», а не «ШопЛайн» (GUI-10). Кроки 2–7 збіглися з очікуваним результатом. За рішенням команди еталоном є SRS (GUI-10), демо-назва «TOOLSHOP» — не еталон. Дефект: BUG-007.
A6: Run 1 | B6: TC-005 | C6: 46323 | D6: Бойко Є. (ІТ) | E6: E2 | F6: passed | H6: Усі очікувані результати збіглися.
A7: Run 1 | B7: TC-006 | C7: 46323 | D7: Бойко Є. (ІТ) | E7: E2 | F7: failed | G7: BUG-010 | H7: Фактично: Крок 4: повідомлення з'явилося менше ніж за 60 с, але замість тексту про надсилання листа показано ключ перекладу «page.forgot-password.confirm» (F-30). Дефект: BUG-010.
A8: Run 1 | B8: TC-007 | C8: 46322 | D8: Бойко Є. (ІТ) | E8: E1 | F8: passed | H8: Крок 3 («2» у пагінації) виконано програмним кліком: перший клік мишею потрапив повз кнопку через масштаб вікна 1280×800; результат кліку — сторінка 2 з 9 іншими товарами. 27.10 у каталозі було 59 товарів (6 сторінок), після скидання даних demo 28.10 — 50 (за планом тестування), пагінація та сітка 3×3 однакові.
A9: Run 1 | B9: TC-008 | C9: 46322 | D9: Бойко Є. (ІТ) | E9: E1 | F9: passed | H9: До фільтрації 7 карток категорії Hammer, після додавання бренду — 6; на картці першого товару категорія Hammer, бренд ForgeFlex Tools.
A10: Run 1 | B10: TC-009 | C10: 46323 | D10: Бойко Є. (ІТ) | E10: E1 | F10: passed | H10: Повторне виконання 28.10.2026: 27.10 кейс був заблокований (у діапазоні 1–2 було 5 товарів від інших команд, у каталозі 59 товарів); після скидання даних demo в каталозі 50 товарів, найдешевший — 3.55. Крок 3 виконано перетягуванням правої позначки: підпис «1 – 2». Результат: 0 карток і текст «There are no products found.» (F-50).
A11: Run 1 | B11: TC-010 | C11: 46322 | D11: Бойко Є. (ІТ) | E11: E1 | F11: failed | G11: BUG-001 | H11: Фактично: Крок 4: на запит 'hammer' показано 6 товарів («Claw Hammer with Shock Reduction Grip», «Hammer», «Claw Hammer», «Thor Hammer», «Claw Hammer with Fiberglass Handle», «Court Hammer»); «Sledgehammer», назва якого містить 'hammer', відсутній. Запит 'ham' повертає 7 товарів разом із «Sledgehammer», запит 'mmer' — жодного: результати не відповідають критерію «назва містить запит як підрядок». Заголовок «Searched for: hammer» відображається коректно. Відтворено повторно 28.10.2026 після скидання даних demo. Дефект: BUG-001.
A12: Run 1 | B12: TC-011 | C12: 46322 | D12: Бойко Є. (ІТ) | E12: E1 | F12: passed
A13: Run 1 | B13: TC-012 | C13: 46322 | D13: Бойко Є. (ІТ) | E13: E1 | F13: passed | H13: Крок 4 (перехід на сторінку 2) виконано програмним кліком; сортування збереглось, ціни не спадають на обох сторінках: 1.99…4.92 → 5.55…12.01.
A14: Run 1 | B14: TC-013 | C14: 46322 | D14: Бойко Є. (ІТ) | E14: E1 | F14: passed | H14: Склад сторінки за F-80 повний; Quantity 1 → 2 → 3 → 2.
A15: Run 1 | B15: TC-014 | C15: 46322 | D15: Бойко Є. (ІТ) | E15: E1 | F15: passed | H15: Кроки 1–4 виконано прямим переходом на сторінку товару. Поле «Quantity» при очищенні саме підставляє 1 (тому «очистити + ввести 99» дає «199»); значення вводилось поверх виділеного. 99 прийнято: лічильник кошика = 99, у кошику 99 шт., повідомлення «Product added to shopping cart.».
A16: Run 1 | B16: TC-015 | C16: 46322 | D16: Бойко Є. (ІТ) | E16: E1 | F16: failed | G16: BUG-003 | H16: Фактично: Крок 6: після введення 0 поле «Quantity» саме змінилось на 1. Крок 7: товар додано у кількості 1, лічильник кошика = 1, повідомлення «Product added to shopping cart.»; жодного повідомлення про допустимий діапазон немає. Крок 8 (кошик): 1 × «Combination Pliers» замість порожнього кошика. Кроки 1–4 виконано прямим переходом на сторінку товару. Значення вводилось поверх виділеного (поле при очищенні саме підставляє 1; «очистити + 0» дає «10»). Дефект: BUG-003.
A17: Run 1 | B17: TC-016 | C17: 46322 | D17: Бойко Є. (ІТ) | E17: E1 | F17: passed | H17: Кроки 1–4 виконано прямим переходом на сторінку товару. Лічильник 2, потім 3; у кошику один рядок «Combination Pliers», кількість 3, сума 3 × 14.15 = 42.45.
A18: Run 1 | B18: TC-017 | C18: 46322 | D18: Бойко Є. (ІТ) | E18: E1 | F18: passed | H18: Рядок «Bolt Cutters»: 1 × 48.41 → після зміни на 5 сума рядка і «Total» = 242.05 (5 × 48.41); лічильник кошика = 5.
A19: Run 1 | B19: TC-018 | C19: 46322 | D19: Бойко Є. (ІТ) | E19: E1 | F19: passed | H19: Склад кошика за GUI-70 (Item, Quantity з полем, Price, Total, піктограма видалення, Total, «Proceed to checkout»). Після видалення: «The cart is empty. Nothing to display.», лічильник у шапці зник.
A20: Run 1 | B20: TC-019 | C20: 46323 | D20: Бойко Є. (ІТ) | E20: E2 | F20: failed | G20: BUG-011, BUG-012 | H20: Фактично: Кроки 7–12: на кроці «Payment» у підсумку немає рядка вартості доставки (очікувалось 120,00 — F-110, BL-60) — BUG-012. Кроки 13–17: після «Check Payment» одразу показано «Payment was successful» (до підтвердження замовлення) і з'явилась кнопка «Confirm»; після «Confirm» помилок немає, але замовлення не підтверджено — повідомлення з номером рахунку-інвойсу не показано (F-110) — BUG-011. Відтворюваність BUG-011 нестабільна: у TC-029 цей крок спрацював («Thanks for your order! Your invoice number is INV-2026000030»). Скріншотів немає. Кроки кейсу не описують проміжну кнопку «Check Payment» — кейс потребує уточнення. Дефект: BUG-011, BUG-012.
A21: Run 1 | B21: TC-020 | C21: 46323 | D21: Бойко Є. (ІТ) | E21: E2 | F21: passed | H21: Усі очікувані результати збіглися; «Sheet Sander» видалено з обраного (стан спільного запису відновлено).
A22: Run 1 | B22: TC-021 | C22: 46323 | D22: Бойко Є. (ІТ) | E22: E2 | F22: failed | G22: BUG-013 | H22: Фактично: Крок 6: таблиця має колонки «Invoice Number», «Billing Address», «Invoice Date», «Total» і кнопку «Details»; колонки зі статусом немає (F-130). Крок 7: сторінка деталей рахунку містить позиції і кнопку «Download PDF» — збіглося. Решта кроків збіглася. Дефект: BUG-013.
A23: Run 1 | B23: TC-022 | C23: 46323 | D23: Бойко Є. (ІТ) | E23: E1 | F23: failed | G23: BUG-005 | H23: Фактично: Крок 8–9: файл teamb-1kb.txt (1024 байти, текстовий) вибрано; після «Send» звернення не надіслано: під полем вкладення — «File should be empty.»; під полем також підказка «Only files with the txt extension are allowed, and files must be 0kb.». Очікувалось: звернення надіслано, над формою — повідомлення про прийняття (F-140: .txt до 1 МБ). Файл у поле вкладення підставлено скриптом (DataTransfer, 1024 байти), а не через вікно вибору файлу ОС; решту полів уведено з клавіатури. У першій спробі, де й текст повідомлення підставлявся скриптом, додатково з'явилось «Message is required» — це артефакт підстановки, при реальному введенні його немає. Крок 8 бажано повторити вручну з реальним файлом 1 КБ. Дефект: BUG-005.
A24: Run 1 | B24: TC-023 | C24: 46322 | D24: Бойко Є. (ІТ) | E24: E1 | F24: passed | H24: Крок 7: під полем «Message» з'явилось «Message must be minimal 50 characters» (клас alert alert-danger); форму не надіслано, сторінка «Contact» лишилась. Довжину рядка перевірено програмно (49).
A25: Run 1 | B25: TC-024 | C25: 46323 | D25: Бойко Є. (ІТ) | E25: E2 | F25: passed | H25: Усі очікувані результати збіглися. Окреме спостереження (не за кроками кейсу): при наведенні на пункт «Sign out» курсор має вигляд текстового (виділення тексту), а не вказівного — у дефекти не заведено: вимоги SRS до вигляду курсора немає.
A26: Run 1 | B26: TC-025 | C26: 46322 | D26: Бойко Є. (ІТ) | E26: E1 | F26: failed | G26: BUG-004 | H26: Фактично: Крок 3: за ширини 375 px горизонтальної прокрутки немає (scrollWidth = clientWidth = 375). Крок 4: меню відкривається (Home, Categories, Contact, Sign in, EN). Крок 5: розміри елементів — кнопка меню 56×40 px, пункти «Home», «Contact», «Sign in» — 351×40 px, «Categories» — 107.7×40 px (висота 40 < 44); перша картка товару 327×376 px (норма). Виміряно за допомогою getBoundingClientRect у вбудованому браузері з емуляцією 375×812 (мобільний пресет, Android UA) замість DevTools Inspect; результат еквівалентний. Дефект: BUG-004.
A27: Run 1 | B27: TC-026 | C27: 46323 | D27: Бойко Є. (ІТ) | E27: E2 | F27: failed | G27: BUG-009 | H27: Фактично: Кроки 13–14: пароль «Abcde1!» (7 символів) відхилено, але повідомлення «Password must be minimal 6 characters long.» називає межу 6 символів, що суперечить правилу «Be at least 8 characters long» на цій самій сторінці (F-10); повідомлення виведено в блоці між індикатором надійності й кнопкою «Register», а не безпосередньо під полем (GUI-50). Дефект: BUG-009.
A28: Run 1 | B28: TC-027 | C28: 46322 | D28: Бойко Є. (ІТ) | E28: E1 | F28: passed | H28: Рядок довжиною рівно 50 символів (перевірено програмно). Крок 7: форма замінилась на «Thanks for your message! We will contact you shortly.» (клас alert-success) над блоком футера; помилок немає. Це реальне надсилання на demo з тестовим email example.com.
A29: Run 1 | B29: TC-028 | C29: 46322 | D29: Бойко Є. (ІТ) | E29: E1 | F29: passed | H29: Пошук «Sheet Sander» → 1 товар; на сторінці товару є «Add to favourites»; після натискання з'явилось спливаюче повідомлення «Unauthorized, can not add product to your favorite list.» (кінцева крапка в тексті — як на demo). Знімок одразу після запиту пошуку показував проміжний (старий) список; через 1,5 с список = 1 товар.
A30: Run 1 | B30: TC-029 | C30: 46323 | D30: Бойко Є. (ІТ) | E30: E2 | F30: passed | H30: Рахунок покупця TeamB-А: INV-2026000030. Усі очікувані результати збіглися: у списку рахунків TeamB-Б його немає.
A31: Run 1 | B31: TC-030 | C31: 46322 | D31: Бойко Є. (ІТ) | E31: E1 | F31: failed | G31: BUG-002 | H31: Фактично: Крок 6: після введення 100 поле «Quantity» саме змінилось на 99. Крок 7: товар додано у кількості 99, лічильник кошика = 99, повідомлення «Product added to shopping cart. You can order at most 99 of this product.». Крок 8: у кошику «Combination Pliers» 99 × 14.15 = 1400.85 (очікувалось: кошик порожній). Кроки 1–4 виконано прямим переходом на сторінку товару. Значення вводилось поверх виділеного (поле при очищенні саме підставляє 1). Дефект: BUG-002.
A32: Run 1 | B32: TC-031 | C32: 46323 | D32: Бойко Є. (ІТ) | E32: E1 | F32: failed | G32: BUG-006 | H32: Фактично: Крок 8: після повторного додавання 5 шт. (при 99 у кошику) лічильник кошика = 104, повідомлення про межу немає. Крок 9: один рядок «Combination Pliers», Quantity 104, Total $1,471.60 (очікувалось: сумарна кількість ≤ 99). Кейс запропоновано за результатами дослідницької перевірки (docs/sprint3/proposed-test-case-TC-031.md): його ще немає в test-cases.xlsx, потрібні рецензія і оновлення «Coverage» (BL-20, F-100). Для порівняння: зміна кількості в рядку кошика до 100 коректно обмежується 99 з повідомленням «You can order at most 99 of this product.». Дефект: BUG-006.

Sheet Environment
A1: ID | B1: Адреса demo | C1: Дата | D1: Браузер і версії | E1: ОС | F1: Вікно / режим | G1: Облікові записи | H1: Примітка
A2: E1 | B2: https://practicesoftwaretesting.com (збірка v2.5, Built 2026-10-11, Angular 20.0.5; у футері demo) | C2: 27–28.10.2026 | D2: Chromium 152.0.7977.167 — вбудований браузер десктопного застосунку | E2: Windows 10/11 (NT 10.0, 64-bit) | F2: Вікно 1280×800 (емуляція вікна); TC-025 — 375×812 (мобільний пресет, Android user agent) | G2: Без входу в обліковий запис (гостьовий режим); входи в акаунти не виконувались | H2: Відхилення від плану: у кейсах — Chrome 120+ в інкогніто, тут — Chromium 152 без інкогніто; між кейсами очищалися sessionStorage/localStorage.Дані demo скинулись між 27.10 і 28.10: каталог 59 → 50 товарів, зникли «чужі» товари за $1.99 (TC-009 повторно виконано 28.10). У TC-022 файл у поле вкладення підставлено скриптом (1024 байти), а не вікном вибору файлу ОС.
A3: E2 | B3: https://practicesoftwaretesting.com (збірка v2.5) | C3: 28.10.2026 | D3: Google Chrome 156.0.8078.73 (Official Build, 64-bit); V8 15.6.75.25 | E3: Windows 11 25H2 (Build 26200.9711) | F3: Розмір вікна і режим інкогніто виконавцем не зафіксовано (за планом: інкогніто, 1280×800) | G3: customer@practicesoftwaretesting.com (спільний запис demo); власні записи teamb.*@example.com, створені в кейсах TC-001, TC-006, TC-029 | H3: Середовище кейсів, виконаних ІТ вручну (облікові записи, реєстрація, оформлення замовлення): TC-001…006, 019…021, 024, 026, 029. У TC-001 пароль із кейсу замінено на «Fbcdf12!» (оригінал відхилено як такий, що трапився у витоку даних).
A5: Smoke-перевірка demo перед прогоном (5.1)
B6: Перевірка | C6: Результат | D6: Дата
B7: Головна сторінка відкривається, каталог показує 9 карток | C7: так (збірка v2.5, Built 2026-10-11) | D7: 27.10.2026
B8: Пошук повертає результати; сторінка товару відкривається | C8: так | D8: 27.10.2026
B9: Додавання в кошик і крок «Cart» працюють | C9: так | D9: 27.10.2026
B10: Контактна форма відкривається і приймає дані | C10: так | D10: 27.10.2026
B11: Вхід тестовим обліковим записом (customer@practicesoftwaretesting.com) | C11: так (TC-004, TC-019…021, TC-024) | D11: 28.10.2026

Sheet Defects
A1: Bug ID | B1: Заголовок | C1: Severity | D1: Priority | E1: Кейс | F1: Вимога | G1: Статус | H1: Reporter | I1: Дата | J1: Файл звіту | K1: Кейсів у Run 1 з цим Bug ID
A2: BUG-001 | B2: Пошук 'hammer' не знаходить «Sledgehammer»: збіг шукається не за підрядком | C2: Major | D2: P3 | E2: TC-010 | F2: F-60 | G2: New | H2: Бойко Є. (ІТ) | I2: 46322 | J2: docs/sprint3/bug-reports/BUG-001.md | K2: =COUNTIF('Run 1'!$G$2:$G$32,"*"&A2&"*") -> 1
A3: BUG-002 | B3: Кількість 100 у полі Quantity замінюється на 99, і товар додається в кошик | C3: Minor | D3: P3 | E3: TC-030 | F3: GUI-30, BL-10 | G3: New | H3: Бойко Є. (ІТ) | I3: 46322 | J3: docs/sprint3/bug-reports/BUG-002.md | K3: =COUNTIF('Run 1'!$G$2:$G$32,"*"&A3&"*") -> 1
A4: BUG-003 | B4: Кількість 0 замінюється на 1, і товар додається в кошик без повідомлення про діапазон | C4: Normal | D4: P3 | E4: TC-015 | F4: GUI-30, BL-10 | G4: New | H4: Бойко Є. (ІТ) | I4: 46322 | J4: docs/sprint3/bug-reports/BUG-003.md | K4: =COUNTIF('Run 1'!$G$2:$G$32,"*"&A4&"*") -> 1
A5: BUG-004 | B5: Меню на ширині 375 px: кнопка меню 56×40, пункти меню заввишки 40 px (< 44×44) | C5: Minor | D5: P3 | E5: TC-025 | F5: U-30 | G5: New | H5: Бойко Є. (ІТ) | I5: 46322 | J5: docs/sprint3/bug-reports/BUG-004.md | K5: =COUNTIF('Run 1'!$G$2:$G$32,"*"&A5&"*") -> 1
A6: BUG-005 | B6: Контактна форма відхиляє будь-який непорожній .txt («File should be empty.»), F-140 допускає до 1 МБ | C6: Normal | D6: P3 | E6: TC-022 | F6: F-140, GUI-90 | G6: New | H6: Бойко Є. (ІТ) | I6: 46323 | J6: docs/sprint3/bug-reports/BUG-005.md | K6: =COUNTIF('Run 1'!$G$2:$G$32,"*"&A6&"*") -> 1
A7: BUG-006 | B7: Кошик: повторне «Add to cart» дає в рядку 104 шт. — понад межу 99 | C7: Major | D7: P3 | E7: TC-031 | F7: BL-20, F-100 | G7: New | H7: Бойко Є. (ІТ) | I7: 46323 | J7: docs/sprint3/bug-reports/BUG-006.md | K7: =COUNTIF('Run 1'!$G$2:$G$32,"*"&A7&"*") -> 1
A8: BUG-007 | B8: Шапка: логотип «TOOLSHOP» замість «ШопЛайн» | C8: Trivial | D8: P3 | E8: TC-004 | F8: GUI-10 | G8: New | H8: Бойко Є. (ІТ) | I8: 46323 | J8: docs/sprint3/bug-reports/BUG-007.md | K8: =COUNTIF('Run 1'!$G$2:$G$32,"*"&A8&"*") -> 1
A9: BUG-008 | B9: Форма реєстрації: зірочка біля обов'язкових полів стоїть непослідовно, біля «Password» її немає | C9: Minor | D9: P3 | E9: TC-002 | F9: U-20, F-10 | G9: New | H9: Бойко Є. (ІТ) | I9: 46323 | J9: docs/sprint3/bug-reports/BUG-008.md | K9: =COUNTIF('Run 1'!$G$2:$G$32,"*"&A9&"*") -> 1
A10: BUG-009 | B10: Пароль із 7 символів відхиляється повідомленням «minimal 6 characters», що суперечить правилу «мінімум 8» | C10: Normal | D10: P3 | E10: TC-026 | F10: F-10, GUI-50 | G10: New | H10: Бойко Є. (ІТ) | I10: 46323 | J10: docs/sprint3/bug-reports/BUG-009.md | K10: =COUNTIF('Run 1'!$G$2:$G$32,"*"&A10&"*") -> 1
A11: BUG-010 | B11: Відновлення пароля: замість тексту повідомлення показано ключ «page.forgot-password.confirm» | C11: Normal | D11: P3 | E11: TC-006 | F11: F-30 | G11: New | H11: Бойко Є. (ІТ) | I11: 46323 | J11: docs/sprint3/bug-reports/BUG-010.md | K11: =COUNTIF('Run 1'!$G$2:$G$32,"*"&A11&"*") -> 1
A12: BUG-011 | B12: Bank Transfer: після «Check Payment» і «Confirm» замовлення не підтверджується (нестабільно, 1 із 2 проходжень) | C12: Major | D12: P3 | E12: TC-019 | F12: F-110 | G12: New | H12: Бойко Є. (ІТ) | I12: 46323 | J12: docs/sprint3/bug-reports/BUG-011.md | K12: =COUNTIF('Run 1'!$G$2:$G$32,"*"&A12&"*") -> 1
A13: BUG-012 | B13: Крок «Payment»: підсумок замовлення не містить вартості доставки | C13: Normal | D13: P3 | E13: TC-019 | F13: F-110, BL-60 | G13: New | H13: Бойко Є. (ІТ) | I13: 46323 | J13: docs/sprint3/bug-reports/BUG-012.md | K13: =COUNTIF('Run 1'!$G$2:$G$32,"*"&A13&"*") -> 1
A14: BUG-013 | B14: «My invoices»: у таблиці рахунків немає колонки «статус» | C14: Minor | D14: P3 | E14: TC-021 | F14: F-130 | G14: New | H14: Бойко Є. (ІТ) | I14: 46323 | J14: docs/sprint3/bug-reports/BUG-013.md | K14: =COUNTIF('Run 1'!$G$2:$G$32,"*"&A14&"*") -> 1

Sheet Summary
A1: Спринт 3 · П1 «ШопЛайн» · Run 1 — зведення (усі значення — формули за аркушами «Run 1» і «Defects»)
A2: Показник | B2: Значення
A3: Кейсів у журналі | B3: =COUNTA('Run 1'!B2:B32) -> 31
A4: Кейсів із внесеним статусом | B4: =COUNTA('Run 1'!F2:F32) -> 31
A5: Кейсів без статусу (очікують виконання) | B5: =B3-B4 -> 0
A6: passed | B6: =COUNTIF('Run 1'!F2:F32,"passed") -> 19
A7: failed | B7: =COUNTIF('Run 1'!F2:F32,"failed") -> 12
A8: blocked | B8: =COUNTIF('Run 1'!F2:F32,"blocked") -> 0
A9: skipped | B9: =COUNTIF('Run 1'!F2:F32,"skipped") -> 0
A10: Дефектів у реєстрі | B10: =COUNTA(Defects!A2:A30) -> 13
A12: Дефекти за Severity | B12: Кількість
A13: Blocker | B13: =COUNTIF(Defects!C2:C30,A13) -> 0
A14: Critical | B14: =COUNTIF(Defects!C2:C30,A14) -> 0
A15: Major | B15: =COUNTIF(Defects!C2:C30,A15) -> 3
A16: Normal | B16: =COUNTIF(Defects!C2:C30,A16) -> 5
A17: Minor | B17: =COUNTIF(Defects!C2:C30,A17) -> 4
A18: Trivial | B18: =COUNTIF(Defects!C2:C30,A18) -> 1
A19: Використано рівнів Severity | B19: =SUMPRODUCT(--(B13:B18>0)) -> 4
A21: Дефекти за Priority | B21: Кількість
A22: P1 | B22: =COUNTIF(Defects!D2:D30,A22) -> 0
A23: P2 | B23: =COUNTIF(Defects!D2:D30,A23) -> 0
A24: P3 | B24: =COUNTIF(Defects!D2:D30,A24) -> 13
A26: Перевірки цілісності | B26: Результат | C26: Очікується
A27: failed-кейси без Bug ID | B27: =SUMPRODUCT(('Run 1'!F2:F32="failed")*('Run 1'!G2:G32="")) -> 0 | C27: 0
A28: Згадки Bug ID у журналі без запису в реєстрі «Defects» | B28: =SUMPRODUCT(LEN('Run 1'!G2:G32)-LEN(SUBSTITUTE('Run 1'!G2:G32,"BUG-","")))/4-SUMPRODUCT((Defects!A2:A30<>"")*COUNTIF('Run 1'!G2:G32,"*"&Defects!A2:A30&"*")) -> 0 | C28: 0
A29: Дефекти реєстру, яких немає у журналі (кейс не прив'язано) | B29: =SUMPRODUCT((Defects!A2:A30<>"")*(COUNTIF('Run 1'!G2:G32,"*"&Defects!A2:A30&"*")=0)) -> 0 | C29: 0
A30: Кейси blocked без пояснення в коментарі | B30: =SUMPRODUCT(('Run 1'!F2:F32="blocked")*('Run 1'!H2:H32="")) -> 0 | C30: 0
A31: Кейси зі статусом, але без дати або виконавця | B31: =SUMPRODUCT(('Run 1'!F2:F32<>"")*(('Run 1'!C2:C32="")+('Run 1'!D2:D32="")>0)) -> 0 | C31: 0
A33: Норматив команди (5 осіб) | B33: Фактично | C33: Вимога | D33: Стан
A34: Тест-кейсів | B34: =B3 -> 31 | C34: 25 | D34: =IF(B34>=C34,"виконано","бракує "&(C34-B34)) -> виконано
A35: Звітів про дефекти | B35: =B10 -> 13 | C35: 10 | D35: =IF(B35>=C35,"виконано","бракує "&(C35-B35)) -> виконано
A36: Рівнів Severity | B36: =B19 -> 4 | C36: 3 | D36: =IF(B36>=C36,"виконано","бракує "&(C36-B36)) -> виконано
A38: Легенда
A39: Усі 31 рядок аркуша «Run 1» мають статус, дату, виконавця й середовище; кожен failed — Bug ID зі звіту (реєстр на аркуші «Defects»).
A40: Середовища: E1 — вбудований браузер Chromium (кейси без входу в обліковий запис, 27–28.10.2026), E2 — Google Chrome (кейси з обліковими записами, 28.10.2026); деталі — на аркуші «Environment».
A41: Рядок TC-031 (сірий) — запропонований кейс (див. proposed-test-case-TC-031.md), ще не внесений до test-cases.xlsx і не прорецензований.
A42: BUG-011 нестабільний (1 із 2 проходжень), BUG-011 і BUG-012 без скріншотів: потребують повторного відтворення зі знімком.
A43: Після кожної зміни статусів перевірте блок «Перевірки цілісності»: усі значення мають бути 0.
